Designator,Quantity,Value,Footprint,Package,MPN,DNP,Mount_Type,Description,KiLib_Generator,VRATE,LCSC Part #,Sim.Pins,Sim.Device,Sim.Type,MF,MAXIMUM_PACKAGE_HEIGHT,Price,Check_prices,STANDARD,PARTREV,SnapEDA_Link,MP,Description_1,Availability,MANUFACTURER
C1,1,4u7,C_1206_3216Metric_Pad1.33x1.80mm_HandSolder,,,,smt,Unpolarized capacitor,SMD_2terminal_chip_molded,50,,,,,,,,,,,,,,,
"C10, C25",2,47u,C_1206_3216Metric_Pad1.33x1.80mm_HandSolder,,,,smt,Unpolarized capacitor,SMD_2terminal_chip_molded,10,,,,,,,,,,,,,,,
"C11, C14",2,1u,C_1206_3216Metric_Pad1.33x1.80mm_HandSolder,,,,smt,Unpolarized capacitor,SMD_2terminal_chip_molded,16,,,,,,,,,,,,,,,
C12,1,10u,C_1206_3216Metric_Pad1.33x1.80mm_HandSolder,,,,smt,Unpolarized capacitor,SMD_2terminal_chip_molded,50,,,,,,,,,,,,,,,
C13,1,3n9,C_1206_3216Metric_Pad1.33x1.80mm_HandSolder,,,,smt,Unpolarized capacitor,SMD_2terminal_chip_molded,50,,,,,,,,,,,,,,,
"C15, C16, C17",3,150p,C_1206_3216Metric_Pad1.33x1.80mm_HandSolder,,,,smt,Unpolarized capacitor,SMD_2terminal_chip_molded,50,C282831,,,,,,,,,,,,,,
"C18, C19, C20",3,330p,C_1206_3216Metric_Pad1.33x1.80mm_HandSolder,,,,smt,Unpolarized capacitor,SMD_2terminal_chip_molded,50,C106055,,,,,,,,,,,,,,
C2,1,6n8,C_1206_3216Metric_Pad1.33x1.80mm_HandSolder,,,,smt,Unpolarized capacitor,SMD_2terminal_chip_molded,50,,,,,,,,,,,,,,,
C21,1,22n,C_1206_3216Metric_Pad1.33x1.80mm_HandSolder,,,,smt,Unpolarized capacitor,SMD_2terminal_chip_molded,50,,,,,,,,,,,,,,,
"C22, C27, C28, C29, C30, C31, C32, C4, C5",9,100n,C_1206_3216Metric_Pad1.33x1.80mm_HandSolder,,,,smt,Unpolarized capacitor,SMD_2terminal_chip_molded,"[C4,C5]50; [C27,C28,C29,C30,C31,C32]16",,,,,,,,,,,,,,,
"C23, C24",2,220u,C_Elec_10x10.2,,,,smt,Polarized capacitor,capacitor/SMD/elec_round,50,,,,,,,,,,,,,,,
C26,1,DNP,C_1206_3216Metric_Pad1.33x1.80mm_HandSolder,,,Yes,smt,Unpolarized capacitor,SMD_2terminal_chip_molded,50,,,,,,,,,,,,,,,
C3,1,100u,C_Elec_10x10.2,,,,smt,Polarized capacitor,capacitor/SMD/elec_round,50,,,,,,,,,,,,,,,
C6,1,4n3,C_1206_3216Metric_Pad1.33x1.80mm_HandSolder,,,,smt,Unpolarized capacitor,SMD_2terminal_chip_molded,50,,,,,,,,,,,,,,,
C7,1,220p,C_1206_3216Metric_Pad1.33x1.80mm_HandSolder,,,,smt,Unpolarized capacitor,SMD_2terminal_chip_molded,50,,,,,,,,,,,,,,,
C8,1,1n8,C_1206_3216Metric_Pad1.33x1.80mm_HandSolder,,,,smt,Unpolarized capacitor,SMD_2terminal_chip_molded,50,,,,,,,,,,,,,,,
C9,1,1p2,C_1206_3216Metric_Pad1.33x1.80mm_HandSolder,,,,smt,Unpolarized capacitor,SMD_2terminal_chip_molded,50,,,,,,,,,,,,,,,
D1,1,26V,SMB_L4.3-W3.6-LS5.4-BI,,,,tht,Bidirectional transient-voltage-suppression diode,,,,,,,,,,,,,,,,,
D2,1,SS24FL,SMA_L4.4-W2.8-LS5.4-RD,,,,tht,"40V 2A Schottky Diode, SMA",,,,,,,,,,,,,,,,,
D3,1,LED_ORANGE,LED_1206_3216Metric_Pad1.42x1.75mm_HandSolder,,,,smt,Light emitting diode,SMD_2terminal_chip_molded,,,1=K 2=A,,,,,,,,,,,,,
D4,1,LED_RED,LED_1206_3216Metric_Pad1.42x1.75mm_HandSolder,,,,smt,Light emitting diode,SMD_2terminal_chip_molded,,,1=K 2=A,,,,,,,,,,,,,
D5,1,LED_GREEN,LED_1206_3216Metric_Pad1.42x1.75mm_HandSolder,,,,smt,Light emitting diode,SMD_2terminal_chip_molded,,,1=K 2=A,,,,,,,,,,,,,
D6,1,LED_BLUE,LED_1206_3216Metric_Pad1.42x1.75mm_HandSolder,,,,smt,Light emitting diode,SMD_2terminal_chip_molded,,,1=K 2=A,,,,,,,,,,,,,
D7,1,LED_YELLOW,LED_1206_3216Metric_Pad1.42x1.75mm_HandSolder,,,,smt,Light emitting diode,SMD_2terminal_chip_molded,,,1=K 2=A,,,,,,,,,,,,,
E1,1,escon,escon_vero,,,,tht,,,,,,,,,,,,,,,,,,
J1,1,Conn_01x04,"TerminalBlock_Phoenix_MPT-0,5-4-2.54_1x04_P2.54mm_Horizontal",,,,tht,"Generic connector, single row, 01x04, script generated (kicad-library-utils/schlib/autogen/connector/)",terminal_block/Phoenix,,,,,,,,,,,,,,,,
J10,1,Screw_Terminal_01x03,"TerminalBlock_Phoenix_PT-1,5-3-5.0-H_1x03_P5.00mm_Horizontal",,,,tht,"Generic screw terminal, single row, 01x03, script generated (kicad-library-utils/schlib/autogen/connector/)",terminal_block/Phoenix,,,,,,,,,,,,,,,,
J11,1,Conn_01x05,"TerminalBlock_Phoenix_MPT-0,5-5-2.54_1x05_P2.54mm_Horizontal",,,,tht,"Generic connector, single row, 01x05, script generated (kicad-library-utils/schlib/autogen/connector/)",terminal_block/Phoenix,,,,,,,,,,,,,,,,
J12,1,Conn_01x11,"TerminalBlock_Phoenix_MPT-0,5-11-2.54_1x11_P2.54mm_Horizontal",,,,tht,"Generic connector, single row, 01x11, script generated (kicad-library-utils/schlib/autogen/connector/)",terminal_block/Phoenix,,,,,,,,,,,,,,,,
"J13, J5, J6",3,Conn_01x03,"TerminalBlock_Phoenix_MPT-0,5-3-2.54_1x03_P2.54mm_Horizontal",,,,tht,"Generic connector, single row, 01x03, script generated (kicad-library-utils/schlib/autogen/connector/)",terminal_block/Phoenix,,,,,,,,,,,,,,,,
"J2, J8",2,Conn_01x06,"TerminalBlock_Phoenix_MPT-0,5-6-2.54_1x06_P2.54mm_Horizontal",,,,tht,"Generic connector, single row, 01x06, script generated (kicad-library-utils/schlib/autogen/connector/)",terminal_block/Phoenix,,,,,,,,,,,,,,,,
J3,1,Conn_01x08,"TerminalBlock_Phoenix_MPT-0,5-8-2.54_1x08_P2.54mm_Horizontal",,,,tht,"Generic connector, single row, 01x08, script generated (kicad-library-utils/schlib/autogen/connector/)",terminal_block/Phoenix,,,,,,,,,,,,,,,,
J4,1,Conn_01x04,PinSocket_1x04_P2.54mm_Vertical,,,,tht,"Generic connector, single row, 01x04, script generated (kicad-library-utils/schlib/autogen/connector/)",connector/pin_header_socket,,,,,,,,,,,,,,,,
J9,1,Conn_01x02,TerminalBlock_Phoenix_MKDS-3-2-5.08_1x02_P5.08mm_Horizontal,,,,tht,"Generic connector, single row, 01x02, script generated (kicad-library-utils/schlib/autogen/connector/)",terminal_block/Phoenix,,,,,,,,,,,,,,,,
L1,1,47u,IND-SMD_L13.5-W12.6_125CDMCC-DS,,,,tht,Inductor,,,,,,,,,,,,,,,,,
"L2, L3, L4",3,22uH,IND-SMD_L17.0-W17.0_YSPIA1770-100M,,,,tht,SRYH.1770.YF220MT00,,,C5122901,,,,,,,,,,,,,,
Q1,1,NMOS,PG-TDSON-8_L5.0-W6.0-P1.27-BL-EP,,,,tht,"N-MOSFET transistor, drain/source/gate",,,,1=D 2=G 3=S,NMOS,VDMOS,,,,,,,,,,,
Q2,1,PMOS,DFN-8_L5.7-W4.9-P1.27-LS6.1-BL,,,,tht,"P-MOSFET transistor, drain/source/gate",,,,1=D 2=G 3=S,PMOS,VDMOS,,,,,,,,,,,
Q3,1,NMOS,SOT-23-3_L2.9-W1.3-P1.90-LS2.4-BR,,,,tht,"N-MOSFET transistor, drain/source/gate",,,,1=D 2=G 3=S,NMOS,VDMOS,,,,,,,,,,,
R1,1,249k,R_1206_3216Metric_Pad1.30x1.75mm_HandSolder,,,,smt,Resistor,SMD_2terminal_chip_molded,,,,,,,,,,,,,,,,
"R10, R11, R12, R13, R14, R15, R19, R24, R26, R27, R31, R9",12,10k,R_1206_3216Metric_Pad1.30x1.75mm_HandSolder,,,,smt,Resistor,SMD_2terminal_chip_molded,,,,,,,,,,,,,,,,
"R16, R17, R18",3,390,R_1206_3216Metric_Pad1.30x1.75mm_HandSolder,,,,smt,Resistor,SMD_2terminal_chip_molded,,C4491,,,,,,,,,,,,,,
R2,1,499k,R_1206_3216Metric_Pad1.30x1.75mm_HandSolder,,,,smt,Resistor,SMD_2terminal_chip_molded,,,,,,,,,,,,,,,,
"R20, R21, R25",3,10K,R_1206_3216Metric_Pad1.30x1.75mm_HandSolder,,,,smt,Resistor,SMD_2terminal_chip_molded,,,,,,,,,,,,,,,,
R22,1,4k75,R_1206_3216Metric_Pad1.30x1.75mm_HandSolder,,,,smt,Resistor,SMD_2terminal_chip_molded,,,,,,,,,,,,,,,,
R23,1,95k3,R_1206_3216Metric_Pad1.30x1.75mm_HandSolder,,,,smt,Resistor,SMD_2terminal_chip_molded,,,,,,,,,,,,,,,,
R28,1,25 Ohm,TO-220-2_L10.1-W4.5-P5.08-L,,,,tht,Resistor,,,,,,,,,,,,,,,,,
R29,1,105k,R_1206_3216Metric_Pad1.30x1.75mm_HandSolder,,,,smt,Resistor,SMD_2terminal_chip_molded,,,,,,,,,,,,,,,,
R3,1,61k9,R_1206_3216Metric_Pad1.30x1.75mm_HandSolder,,,,smt,Resistor,SMD_2terminal_chip_molded,,,,,,,,,,,,,,,,
R30,1,6k49,R_1206_3216Metric_Pad1.30x1.75mm_HandSolder,,,,smt,Resistor,SMD_2terminal_chip_molded,,,,,,,,,,,,,,,,
R32,1,1k,R_1206_3216Metric_Pad1.30x1.75mm_HandSolder,,,,smt,Resistor,SMD_2terminal_chip_molded,,,,,,,,,,,,,,,,
R4,1,27k4,R_1206_3216Metric_Pad1.30x1.75mm_HandSolder,,,,smt,Resistor,SMD_2terminal_chip_molded,,,,,,,,,,,,,,,,
R5,1,154,R_1206_3216Metric_Pad1.30x1.75mm_HandSolder,,,,smt,Resistor,SMD_2terminal_chip_molded,,,,,,,,,,,,,,,,
R6,1,1k4,R_1206_3216Metric_Pad1.30x1.75mm_HandSolder,,,,smt,Resistor,SMD_2terminal_chip_molded,,,,,,,,,,,,,,,,
R7,1,133k,R_1206_3216Metric_Pad1.30x1.75mm_HandSolder,,,,smt,Resistor,SMD_2terminal_chip_molded,,,,,,,,,,,,,,,,
R8,1,52k3,R_1206_3216Metric_Pad1.30x1.75mm_HandSolder,,,,smt,Resistor,SMD_2terminal_chip_molded,,,,,,,,,,,,,,,,
TP1,1,TestPoint,TestPoint_Pad_D2.5mm,,,,tht,test point,,,,,,,,,,,,,,,,,
U1,1,TPS54140ADGQR,DGQ10_1P88X1P57_TEX,,,,smt,,,,,,,,,,,,,,,,,,
U2,1,PTPS259830LNRGER,VQFN24_RGE_TEX,,,,smt,,,,,,,,,,,,,,,,,,
U3,1,AP2112K-3.3TRG1,SOT_RG1_DIO,,,,smt,,,,,,,,,,,,,,,,,,
U4,1,NUCLEO-L432KC,MODULE_NUCLEO-L432KC,None,,,tht,,,,,,,,STMicroelectronics,N/A,None,https://www.snapeda.com/parts/NUCLEO-L432KC/STMicroelectronics/view-part/?ref=eda,Manufacturer Recommendations,N/A,https://www.snapeda.com/parts/NUCLEO-L432KC/STMicroelectronics/view-part/?ref=snap,NUCLEO-L432KC,"STM32L432KC, mbed-Enabled Development Nucleo-32 STM32L4 ARM® Cortex®-M4 MCU 32-Bit Embedded Evaluation Board",In Stock,ST Microelectronics
U5,1,TXS0104EPWR,SOP65P640X120-14N,TSSOP-14 Texas Instruments,,,smt,Four-bit bidirectional voltage-level shifter for open-drain and push-pull applications,,,,,,,Texas Instruments,,None,https://www.snapeda.com/parts/TXS0104EPWR/Texas+Instruments/view-part/?ref=eda,,,https://www.snapeda.com/parts/TXS0104EPWR/Texas+Instruments/view-part/?ref=snap,TXS0104EPWR,Four-bit bidirectional voltage-level shifter for open-drain and push-pull applications,In Stock,
U6,1,LM74700QDBVTQ1,SOT95P280X145-6N,SOT-23-6 Texas Instruments,,,smt,,,,,,,,Texas Instruments,1.45mm,None,https://www.snapeda.com/parts/LM74700QDBVTQ1/Texas+Instruments/view-part/?ref=eda,IPC-7351B,F,https://www.snapeda.com/parts/LM74700QDBVTQ1/Texas+Instruments/view-part/?ref=snap,LM74700QDBVTQ1,"3.2-V to 65-V, 80-uA IQ automotive ideal diode controller",In Stock,Texas Instruments
U7,1,25LC256-I/SN,SOIC8-N_MC_MCH,,,,smt,,,,,,,,,,,,,,,,,,
U8,1,AM26LS32ACDR,D16,,,,smt,,,,,,,,,,,,,,,,,,
U9,1,TL431AIDR,D8,,,,smt,,,,,,,,,,,,,,,,,,
