pos_x,pos_y,rotation,side,designator,mpn,pack,footprint,value,mount_type
212.2,-110.4,-90.0,top,C1,,,C_1206_3216Metric_Pad1.33x1.80mm_HandSolder,4u7,smt
183.4,-113.4,-90.0,top,C10,,,C_1206_3216Metric_Pad1.33x1.80mm_HandSolder,47u,smt
174.4,-106.2,90.0,top,C11,,,C_1206_3216Metric_Pad1.33x1.80mm_HandSolder,1u,smt
219.0,-95.5,-90.0,top,C12,,,C_1206_3216Metric_Pad1.33x1.80mm_HandSolder,10u,smt
209.2,-85.2,180.0,top,C13,,,C_1206_3216Metric_Pad1.33x1.80mm_HandSolder,3n9,smt
164.6,-105.0,90.0,top,C14,,,C_1206_3216Metric_Pad1.33x1.80mm_HandSolder,1u,smt
235.9,-38.3,90.0,top,C15,,,C_1206_3216Metric_Pad1.33x1.80mm_HandSolder,150p,smt
219.3,-38.2,90.0,top,C16,,,C_1206_3216Metric_Pad1.33x1.80mm_HandSolder,150p,smt
197.0,-38.0,90.0,top,C17,,,C_1206_3216Metric_Pad1.33x1.80mm_HandSolder,150p,smt
238.8,-38.3,90.0,top,C18,,,C_1206_3216Metric_Pad1.33x1.80mm_HandSolder,330p,smt
216.4,-38.2,90.0,top,C19,,,C_1206_3216Metric_Pad1.33x1.80mm_HandSolder,330p,smt
206.95,-101.7,90.0,top,C2,,,C_1206_3216Metric_Pad1.33x1.80mm_HandSolder,6n8,smt
193.8,-37.9,90.0,top,C20,,,C_1206_3216Metric_Pad1.33x1.80mm_HandSolder,330p,smt
193.1,-77.6,180.0,top,C21,,,C_1206_3216Metric_Pad1.33x1.80mm_HandSolder,22n,smt
198.5,-77.6,0.0,top,C22,,,C_1206_3216Metric_Pad1.33x1.80mm_HandSolder,100n,smt
174.2,-73.7,90.0,top,C23,,,C_Elec_10x10.2,220u,smt
161.9,-73.7,90.0,top,C24,,,C_Elec_10x10.2,220u,smt
180.6,-113.4,-90.0,top,C25,,,C_1206_3216Metric_Pad1.33x1.80mm_HandSolder,47u,smt
214.4,-82.4,90.0,top,C26,,,C_1206_3216Metric_Pad1.33x1.80mm_HandSolder,DNP,smt
128.6,-61.5,90.0,top,C27,,,C_1206_3216Metric_Pad1.33x1.80mm_HandSolder,100n,smt
116.7,-64.8,-90.0,top,C28,,,C_1206_3216Metric_Pad1.33x1.80mm_HandSolder,100n,smt
116.2,-47.7,90.0,top,C29,,,C_1206_3216Metric_Pad1.33x1.80mm_HandSolder,100n,smt
231.2,-74.2,90.0,top,C3,,,C_Elec_10x10.2,100u,smt
137.2,-114.8,0.0,top,C30,,,C_1206_3216Metric_Pad1.33x1.80mm_HandSolder,100n,smt
137.2,-89.6,0.0,top,C31,,,C_1206_3216Metric_Pad1.33x1.80mm_HandSolder,100n,smt
153.2,-110.5,-90.0,top,C32,,,C_1206_3216Metric_Pad1.33x1.80mm_HandSolder,100n,smt
224.0,-91.7,-90.0,top,C4,,,C_1206_3216Metric_Pad1.33x1.80mm_HandSolder,100n,smt
207.2,-112.2,180.0,top,C5,,,C_1206_3216Metric_Pad1.33x1.80mm_HandSolder,100n,smt
221.7,-82.4,90.0,top,C6,,,C_1206_3216Metric_Pad1.33x1.80mm_HandSolder,4n3,smt
217.6,-82.4375,90.0,top,C7,,,C_1206_3216Metric_Pad1.33x1.80mm_HandSolder,220p,smt
180.2,-100.1,-90.0,top,C8,,,C_1206_3216Metric_Pad1.33x1.80mm_HandSolder,1n8,smt
184.6,-101.5,180.0,top,C9,,,C_1206_3216Metric_Pad1.33x1.80mm_HandSolder,1p2,smt
230.6,-92.6,90.0,top,D1,,,SMB_L4.3-W3.6-LS5.4-BI,26V,tht
202.6,-115.0,-90.0,top,D2,,,SMA_L4.4-W2.8-LS5.4-RD,SS24FL,tht
227.2,-119.0,90.0,top,D3,,,LED_1206_3216Metric_Pad1.42x1.75mm_HandSolder,LED_ORANGE,smt
236.2,-119.0,90.0,top,D4,,,LED_1206_3216Metric_Pad1.42x1.75mm_HandSolder,LED_RED,smt
231.795,-119.0,90.0,top,D5,,,LED_1206_3216Metric_Pad1.42x1.75mm_HandSolder,LED_GREEN,smt
222.4,-119.2,90.0,top,D6,,,LED_1206_3216Metric_Pad1.42x1.75mm_HandSolder,LED_BLUE,smt
217.4,-119.2,90.0,top,D7,,,LED_1206_3216Metric_Pad1.42x1.75mm_HandSolder,LED_YELLOW,smt
156.68,-48.7575,180.0,top,E1,,,escon_vero,escon,tht
102.0,-27.8,0.0,top,H1,,,MountingHole_3.2mm_M3,MountingHole,tht
242.6,-27.6,0.0,top,H2,,,MountingHole_3.2mm_M3,MountingHole,tht
242.6,-119.6,0.0,top,H3,,,MountingHole_3.2mm_M3,MountingHole,tht
101.8,-119.6,0.0,top,H4,,,MountingHole_3.2mm_M3,MountingHole,tht
101.7325,-53.585,-90.0,top,J1,,,"TerminalBlock_Phoenix_MPT-0,5-4-2.54_1x04_P2.54mm_Horizontal",Conn_01x04,tht
231.2,-29.6,180.0,top,J10,,,"TerminalBlock_Phoenix_PT-1,5-3-5.0-H_1x03_P5.00mm_Horizontal",Screw_Terminal_01x03,tht
194.34,-27.6,180.0,top,J11,,,"TerminalBlock_Phoenix_MPT-0,5-5-2.54_1x05_P2.54mm_Horizontal",Conn_01x05,tht
136.54,-27.6,180.0,top,J12,,,"TerminalBlock_Phoenix_MPT-0,5-11-2.54_1x11_P2.54mm_Horizontal",Conn_01x11,tht
102.24,-107.925,-90.0,top,J13,,,"TerminalBlock_Phoenix_MPT-0,5-3-2.54_1x03_P2.54mm_Horizontal",Conn_01x03,tht
101.8,-33.84,-90.0,top,J2,,,"TerminalBlock_Phoenix_MPT-0,5-6-2.54_1x06_P2.54mm_Horizontal",Conn_01x06,tht
175.08,-27.6,180.0,top,J3,,,"TerminalBlock_Phoenix_MPT-0,5-8-2.54_1x08_P2.54mm_Horizontal",Conn_01x08,tht
101.2,-98.54,180.0,top,J4,,,PinSocket_1x04_P2.54mm_Vertical,Conn_01x04,tht
149.2,-119.26,0.0,top,J5,,,"TerminalBlock_Phoenix_MPT-0,5-3-2.54_1x03_P2.54mm_Horizontal",Conn_01x03,tht
164.2,-119.26,0.0,top,J6,,,"TerminalBlock_Phoenix_MPT-0,5-3-2.54_1x03_P2.54mm_Horizontal",Conn_01x03,tht
101.7325,-68.85,-90.0,top,J8,,,"TerminalBlock_Phoenix_MPT-0,5-6-2.54_1x06_P2.54mm_Horizontal",Conn_01x06,tht
240.3675,-88.445,90.0,top,J9,,,TerminalBlock_Phoenix_MKDS-3-2-5.08_1x02_P5.08mm_Horizontal,Conn_01x02,tht
192.8,-110.0,180.0,top,L1,,,IND-SMD_L13.5-W12.6_125CDMCC-DS,47u,tht
215.4,-51.8,90.0,top,L2,,,IND-SMD_L17.0-W17.0_YSPIA1770-100M,22uH,tht
194.4,-51.8,90.0,top,L3,,,IND-SMD_L17.0-W17.0_YSPIA1770-100M,22uH,tht
236.2,-51.8,90.0,top,L4,,,IND-SMD_L17.0-W17.0_YSPIA1770-100M,22uH,tht
194.8805,-89.865,90.0,top,Q1,,,PG-TDSON-8_L5.0-W6.0-P1.27-BL-EP,NMOS,tht
159.76,-88.2345,180.0,top,Q2,,,DFN-8_L5.7-W4.9-P1.27-LS6.1-BL,PMOS,tht
108.2,-47.5,-90.0,top,Q3,,,SOT-23-3_L2.9-W1.3-P1.90-LS2.4-BR,NMOS,tht
209.95,-101.5,90.0,top,R1,,,R_1206_3216Metric_Pad1.30x1.75mm_HandSolder,249k,smt
231.8,-103.7,-90.0,top,R10,,,R_1206_3216Metric_Pad1.30x1.75mm_HandSolder,10k,smt
241.1,-103.5,90.0,top,R11,,,R_1206_3216Metric_Pad1.30x1.75mm_HandSolder,10k,smt
209.2,-82.6,180.0,top,R12,,,R_1206_3216Metric_Pad1.30x1.75mm_HandSolder,10k,smt
236.4,-103.5,-90.0,top,R13,,,R_1206_3216Metric_Pad1.30x1.75mm_HandSolder,10k,smt
177.4,-106.2,-90.0,top,R14,,,R_1206_3216Metric_Pad1.30x1.75mm_HandSolder,10k,smt
226.8,-103.9,-90.0,top,R15,,,R_1206_3216Metric_Pad1.30x1.75mm_HandSolder,10k,smt
241.6,-35.1,90.0,top,R16,,,R_1206_3216Metric_Pad1.30x1.75mm_HandSolder,390,smt
212.0,-36.7,180.0,top,R17,,,R_1206_3216Metric_Pad1.30x1.75mm_HandSolder,390,smt
189.6,-36.3,180.0,top,R18,,,R_1206_3216Metric_Pad1.30x1.75mm_HandSolder,390,smt
128.8,-68.7,90.0,top,R19,,,R_1206_3216Metric_Pad1.30x1.75mm_HandSolder,10k,smt
224.8,-82.4,90.0,top,R2,,,R_1206_3216Metric_Pad1.30x1.75mm_HandSolder,499k,smt
144.5,-98.7,0.0,top,R20,,,R_1206_3216Metric_Pad1.30x1.75mm_HandSolder,10K,smt
150.7,-98.7,180.0,top,R21,,,R_1206_3216Metric_Pad1.30x1.75mm_HandSolder,10K,smt
184.2,-73.6,90.0,top,R22,,,R_1206_3216Metric_Pad1.30x1.75mm_HandSolder,4k75,smt
182.5,-89.8,-90.0,top,R23,,,R_1206_3216Metric_Pad1.30x1.75mm_HandSolder,95k3,smt
186.0,-89.8,90.0,top,R24,,,R_1206_3216Metric_Pad1.30x1.75mm_HandSolder,10k,smt
147.4,-110.5,0.0,top,R25,,,R_1206_3216Metric_Pad1.30x1.75mm_HandSolder,10K,smt
168.8,-87.6,180.0,top,R26,,,R_1206_3216Metric_Pad1.30x1.75mm_HandSolder,10k,smt
168.8,-90.7,0.0,top,R27,,,R_1206_3216Metric_Pad1.30x1.75mm_HandSolder,10k,smt
148.96,-86.3,180.0,top,R28,,,TO-220-2_L10.1-W4.5-P5.08-L,25 Ohm,tht
204.15,-101.7,-90.0,top,R29,,,R_1206_3216Metric_Pad1.30x1.75mm_HandSolder,105k,smt
223.2,-76.0,90.0,top,R3,,,R_1206_3216Metric_Pad1.30x1.75mm_HandSolder,61k9,smt
201.0,-100.0,90.0,top,R30,,,R_1206_3216Metric_Pad1.30x1.75mm_HandSolder,6k49,smt
111.8,-47.0,90.0,top,R31,,,R_1206_3216Metric_Pad1.30x1.75mm_HandSolder,10k,smt
221.8,-103.9,-90.0,top,R32,,,R_1206_3216Metric_Pad1.30x1.75mm_HandSolder,1k,smt
219.8,-76.0,90.0,top,R4,,,R_1206_3216Metric_Pad1.30x1.75mm_HandSolder,27k4,smt
216.4,-76.0,90.0,top,R5,,,R_1206_3216Metric_Pad1.30x1.75mm_HandSolder,154,smt
213.2,-75.9,90.0,top,R6,,,R_1206_3216Metric_Pad1.30x1.75mm_HandSolder,1k4,smt
184.6,-98.9,180.0,top,R7,,,R_1206_3216Metric_Pad1.30x1.75mm_HandSolder,133k,smt
191.8,-101.4,0.0,top,R8,,,R_1206_3216Metric_Pad1.30x1.75mm_HandSolder,52k3,smt
191.8,-98.8,180.0,top,R9,,,R_1206_3216Metric_Pad1.30x1.75mm_HandSolder,10k,smt
197.8,-100.1,0.0,top,TP1,,,TestPoint_Pad_D2.5mm,TestPoint,tht
204.95,-107.1,180.0,top,U1,,,DGQ10_1P88X1P57_TEX,TPS54140ADGQR,smt
218.9534,-88.15,180.0,top,U2,,,VQFN24_RGE_TEX,PTPS259830LNRGER,smt
169.0,-106.4,180.0,top,U3,,,SOT_RG1_DIO,AP2112K-3.3TRG1,smt
124.1275,-98.0,0.0,top,U4,,None,MODULE_NUCLEO-L432KC,NUCLEO-L432KC,tht
122.863626,-65.15,0.0,top,U5,,TSSOP-14 Texas Instruments,SOP65P640X120-14N,TXS0104EPWR,smt
196.45,-82.2,-90.0,top,U6,,SOT-23-6 Texas Instruments,SOT95P280X145-6N,LM74700QDBVTQ1,smt
148.3,-104.6,-90.0,top,U7,,,SOIC8-N_MC_MCH,25LC256-I/SN,smt
122.4,-44.8,180.0,top,U8,,,D16,AM26LS32ACDR,smt
176.5,-92.3,0.0,top,U9,,,D8,TL431AIDR,smt
